filename_iq,filename_wav,family,true_modulation,true_sample_rate_hz,true_symbol_rate_bd,true_snr_db,n_samples
ook_snr10db_v1.iq,ook_snr10db_v1.wav,ASK,OOK,200000,10000,10,20000
ook_snr15db_v2.iq,ook_snr15db_v2.wav,ASK,OOK,200000,10000,15,20000
ook_snr20db_v3.iq,ook_snr20db_v3.wav,ASK,OOK,200000,10000,20,20000
ook_snr25db_v4.iq,ook_snr25db_v4.wav,ASK,OOK,200000,10000,25,20000
ook_snr30db_v5.iq,ook_snr30db_v5.wav,ASK,OOK,200000,10000,30,20000
4ask_snr10db_v1.iq,4ask_snr10db_v1.wav,ASK,4ASK,200000,10000,10,20000
4ask_snr15db_v2.iq,4ask_snr15db_v2.wav,ASK,4ASK,200000,10000,15,20000
4ask_snr20db_v3.iq,4ask_snr20db_v3.wav,ASK,4ASK,200000,10000,20,20000
4ask_snr25db_v4.iq,4ask_snr25db_v4.wav,ASK,4ASK,200000,10000,25,20000
4ask_snr30db_v5.iq,4ask_snr30db_v5.wav,ASK,4ASK,200000,10000,30,20000
8ask_snr10db_v1.iq,8ask_snr10db_v1.wav,ASK,8ASK,200000,10000,10,20000
8ask_snr15db_v2.iq,8ask_snr15db_v2.wav,ASK,8ASK,200000,10000,15,20000
8ask_snr20db_v3.iq,8ask_snr20db_v3.wav,ASK,8ASK,200000,10000,20,20000
8ask_snr25db_v4.iq,8ask_snr25db_v4.wav,ASK,8ASK,200000,10000,25,20000
8ask_snr30db_v5.iq,8ask_snr30db_v5.wav,ASK,8ASK,200000,10000,30,20000
bpsk_snr10db_v1.iq,bpsk_snr10db_v1.wav,PSK,BPSK,200000,10000,10,20000
bpsk_snr15db_v2.iq,bpsk_snr15db_v2.wav,PSK,BPSK,200000,10000,15,20000
bpsk_snr20db_v3.iq,bpsk_snr20db_v3.wav,PSK,BPSK,200000,10000,20,20000
bpsk_snr25db_v4.iq,bpsk_snr25db_v4.wav,PSK,BPSK,200000,10000,25,20000
bpsk_snr30db_v5.iq,bpsk_snr30db_v5.wav,PSK,BPSK,200000,10000,30,20000
qpsk_snr10db_v1.iq,qpsk_snr10db_v1.wav,PSK,QPSK,200000,10000,10,20000
qpsk_snr15db_v2.iq,qpsk_snr15db_v2.wav,PSK,QPSK,200000,10000,15,20000
qpsk_snr20db_v3.iq,qpsk_snr20db_v3.wav,PSK,QPSK,200000,10000,20,20000
qpsk_snr25db_v4.iq,qpsk_snr25db_v4.wav,PSK,QPSK,200000,10000,25,20000
qpsk_snr30db_v5.iq,qpsk_snr30db_v5.wav,PSK,QPSK,200000,10000,30,20000
8psk_snr10db_v1.iq,8psk_snr10db_v1.wav,PSK,8PSK,200000,10000,10,20000
8psk_snr15db_v2.iq,8psk_snr15db_v2.wav,PSK,8PSK,200000,10000,15,20000
8psk_snr20db_v3.iq,8psk_snr20db_v3.wav,PSK,8PSK,200000,10000,20,20000
8psk_snr25db_v4.iq,8psk_snr25db_v4.wav,PSK,8PSK,200000,10000,25,20000
8psk_snr30db_v5.iq,8psk_snr30db_v5.wav,PSK,8PSK,200000,10000,30,20000
16psk_snr10db_v1.iq,16psk_snr10db_v1.wav,PSK,16PSK,200000,10000,10,20000
16psk_snr15db_v2.iq,16psk_snr15db_v2.wav,PSK,16PSK,200000,10000,15,20000
16psk_snr20db_v3.iq,16psk_snr20db_v3.wav,PSK,16PSK,200000,10000,20,20000
16psk_snr25db_v4.iq,16psk_snr25db_v4.wav,PSK,16PSK,200000,10000,25,20000
16psk_snr30db_v5.iq,16psk_snr30db_v5.wav,PSK,16PSK,200000,10000,30,20000
oqpsk_snr10db_v1.iq,oqpsk_snr10db_v1.wav,PSK,OQPSK,200000,10000,10,20000
oqpsk_snr15db_v2.iq,oqpsk_snr15db_v2.wav,PSK,OQPSK,200000,10000,15,20000
oqpsk_snr20db_v3.iq,oqpsk_snr20db_v3.wav,PSK,OQPSK,200000,10000,20,20000
oqpsk_snr25db_v4.iq,oqpsk_snr25db_v4.wav,PSK,OQPSK,200000,10000,25,20000
oqpsk_snr30db_v5.iq,oqpsk_snr30db_v5.wav,PSK,OQPSK,200000,10000,30,20000
16qam_snr10db_v1.iq,16qam_snr10db_v1.wav,QAM,16QAM,200000,10000,10,20000
16qam_snr15db_v2.iq,16qam_snr15db_v2.wav,QAM,16QAM,200000,10000,15,20000
16qam_snr20db_v3.iq,16qam_snr20db_v3.wav,QAM,16QAM,200000,10000,20,20000
16qam_snr25db_v4.iq,16qam_snr25db_v4.wav,QAM,16QAM,200000,10000,25,20000
16qam_snr30db_v5.iq,16qam_snr30db_v5.wav,QAM,16QAM,200000,10000,30,20000
32qam_snr10db_v1.iq,32qam_snr10db_v1.wav,QAM,32QAM,200000,10000,10,20000
32qam_snr15db_v2.iq,32qam_snr15db_v2.wav,QAM,32QAM,200000,10000,15,20000
32qam_snr20db_v3.iq,32qam_snr20db_v3.wav,QAM,32QAM,200000,10000,20,20000
32qam_snr25db_v4.iq,32qam_snr25db_v4.wav,QAM,32QAM,200000,10000,25,20000
32qam_snr30db_v5.iq,32qam_snr30db_v5.wav,QAM,32QAM,200000,10000,30,20000
64qam_snr10db_v1.iq,64qam_snr10db_v1.wav,QAM,64QAM,200000,10000,10,20000
64qam_snr15db_v2.iq,64qam_snr15db_v2.wav,QAM,64QAM,200000,10000,15,20000
64qam_snr20db_v3.iq,64qam_snr20db_v3.wav,QAM,64QAM,200000,10000,20,20000
64qam_snr25db_v4.iq,64qam_snr25db_v4.wav,QAM,64QAM,200000,10000,25,20000
64qam_snr30db_v5.iq,64qam_snr30db_v5.wav,QAM,64QAM,200000,10000,30,20000
2fsk_snr10db_v1.iq,2fsk_snr10db_v1.wav,FSK,2FSK,200000,10000,10,20000
2fsk_snr15db_v2.iq,2fsk_snr15db_v2.wav,FSK,2FSK,200000,10000,15,20000
2fsk_snr20db_v3.iq,2fsk_snr20db_v3.wav,FSK,2FSK,200000,10000,20,20000
2fsk_snr25db_v4.iq,2fsk_snr25db_v4.wav,FSK,2FSK,200000,10000,25,20000
2fsk_snr30db_v5.iq,2fsk_snr30db_v5.wav,FSK,2FSK,200000,10000,30,20000
4fsk_snr10db_v1.iq,4fsk_snr10db_v1.wav,FSK,4FSK,200000,10000,10,20000
4fsk_snr15db_v2.iq,4fsk_snr15db_v2.wav,FSK,4FSK,200000,10000,15,20000
4fsk_snr20db_v3.iq,4fsk_snr20db_v3.wav,FSK,4FSK,200000,10000,20,20000
4fsk_snr25db_v4.iq,4fsk_snr25db_v4.wav,FSK,4FSK,200000,10000,25,20000
4fsk_snr30db_v5.iq,4fsk_snr30db_v5.wav,FSK,4FSK,200000,10000,30,20000
gmsk_snr10db_v1.iq,gmsk_snr10db_v1.wav,FSK,GMSK,200000,10000,10,20000
gmsk_snr15db_v2.iq,gmsk_snr15db_v2.wav,FSK,GMSK,200000,10000,15,20000
gmsk_snr20db_v3.iq,gmsk_snr20db_v3.wav,FSK,GMSK,200000,10000,20,20000
gmsk_snr25db_v4.iq,gmsk_snr25db_v4.wav,FSK,GMSK,200000,10000,25,20000
gmsk_snr30db_v5.iq,gmsk_snr30db_v5.wav,FSK,GMSK,200000,10000,30,20000
