rank,feature,gini_importance,permutation_importance_mean,permutation_importance_std
1,rms_amplitude,0.137334,0.160000,0.016630
2,peak_to_average_power_ratio,0.096465,0.031111,0.022662
3,kurtosis_magnitude,0.072473,0.053333,0.010887
4,zero_crossing_rate,0.061638,0.000000,0.000000
5,inst_freq_kurtosis,0.059057,0.000000,0.000000
6,circular_variance,0.058445,0.000000,0.000000
7,variance_phase_diff,0.057524,0.000000,0.000000
8,spectral_flatness,0.041979,0.000000,0.000000
9,phase_concentration,0.041314,0.000000,0.000000
10,constant_modulus_variance,0.034282,0.017778,0.016630
11,mean_magnitude,0.033477,0.022222,0.014055
12,variance_magnitude,0.030174,0.008889,0.010887
13,psd_variance,0.028545,0.000000,0.000000
14,skewness_magnitude,0.027301,0.000000,0.000000
15,cfo_magnitude_hz,0.021727,0.000000,0.000000
16,cumulant_c42_mag,0.020292,0.008889,0.010887
17,envelope_variance,0.019019,0.008889,0.010887
18,estimated_snr_db,0.016910,0.000000,0.000000
19,inst_freq_std_hz,0.015924,0.000000,0.000000
20,cumulant_c40_mag,0.015126,0.004444,0.008889
21,spectral_spread_hz,0.014506,0.000000,0.000000
22,constellation_cluster_count,0.011495,0.000000,0.000000
23,circularity_coefficient,0.010694,0.013333,0.010887
24,radial_ring_count,0.009741,0.000000,0.000000
25,crest_factor,0.009469,0.000000,0.000000
26,q_variance,0.007643,0.000000,0.000000
27,occupied_bandwidth_hz,0.006487,0.000000,0.000000
28,i_variance,0.005770,0.000000,0.000000
29,autocorr_max_peak_score,0.005585,0.008889,0.010887
30,inst_freq_mean_hz,0.004645,0.000000,0.000000
31,clipping_ratio,0.004419,0.017778,0.008889
32,mean_phase_diff,0.004077,0.000000,0.000000
33,spectral_rolloff_hz,0.003819,0.000000,0.000000
34,spectral_centroid_hz,0.003113,0.000000,0.000000
35,iq_covariance,0.002616,0.000000,0.000000
36,dominant_frequency_states,0.002570,0.000000,0.000000
37,autocorr_max_peak_lag,0.002232,0.000000,0.000000
38,real_imag_correlation,0.002115,0.000000,0.000000
